mot_commun,ld,nom,homonymes
ACACIAS, ,RUE DES ACACIAS (44151_0300),RUE DES ACACIAS (44175_0012)
BRETAGNE, ,RUE DE BRETAGNE (44151_0385),RUE DE BRETAGNE (44175_0080)
BRIERE, ,RUE DE LA BRIERE (44151_0390),RUE DE LA BRIERE (44175_0100)
CALVAIRE, ,RUE DU CALVAIRE (44151_0405),RUE DU CALVAIRE (44175_0105)
CHAPELLE, ,RUE DE LA CHAPELLE (44151_0415),RTE DE LA CHAPELLE (44175_0122)
CHENES, ,RUE DES CHENES (44151_0018),RUE DES CHENES (44175_0120)
FRENES, ,IMP DES FRENES (44151_0052),RUE DES FRENES (44175_0244)
MARAIS, ,RUE DU MARAIS (44151_0130),IMP DU MARAIS (44175_0370)
MARS, ,RUE DU 19 MARS 1962 (44151_0635),RUE DU 19 MARS 1962 (44175_0154)
PINS, ,RUE DES PINS (44151_0695),RUE DES PINS (44175_0428)
ROSEAUX, ,IMP DES ROSEAUX (44151_0209),RUE DES ROSEAUX (44175_0435)
TYPHAS, ,IMP DES TYPHAS (44151_0230),ALL DES TYPHAS (44175_0475)
BOURG,0,LE BOURG (44151_B039),LE BOURG (44175_B006)
CHAPELLE,0,LA CHAPELLE (44151_B050),LA CHAPELLE (44175_B015)
CURE,0,LA CURE (44151_B093),LA CURE (44175_B041)
LANDES,0,LES LANDES (44151_B186),LES LANDES (44175_B137)
NEUVE,0,LA MAISON NEUVE (44151_B197),LA MAISON NEUVE (44175_B144)
